[
    {
        "id": 1,
        "title": "First restaurent",
        "content": "Lorem Ipsum",
        "tags": ["tag1", "tag2", "tag3"],
        "createdAt": "Mon Aug 27 2018 15:16:17 GMT+0200 (CEST)",
        "updatedAt": "Mon Aug 27 2018 15:16:17 GMT+0200 (CEST)"
    },
    {
        "id": 2,
        "title": "Second restaurent",
        "content": "Lorem Ipsum again",
        "tags": ["tag2", "tag4"],
        "createdAt": "Mon Aug 27 2018 16:17:18 GMT+0200 (CEST)",
        "updatedAt": "Mon Aug 27 2018 16:17:18 GMT+0200 (CEST)"
    }
]